1,https://www.ptbus.com.tw/cms/upload/ckeditor/images/43-DSC_0624.JPG
2,https://encrypted-tbn0.gstatic.com/images?q=tbn:ANd9GcQbm1OBJwBqKWDvecFwcfXfMuS-i82hwxGoAIEV2-yNpQ&s=10
3,https://encrypted-tbn0.gstatic.com/images?q=tbn:ANd9GcT8zuPr_Rw-Xco5RGuTvDESiFkuE1hBHtrVqzNcrl4APw&s=10
4,https://mashup.com.tw/ezgo888/product/dimg/IMG_7044.JPG
5,https://www.fstours.com.tw/images/banz06.jpg
6,https://pt-tour.tw/wp-content/uploads/%E5%A4%A7%E5%B7%B4%E5%85%A7%E8%A3%9D-1.png
55218454,https://www.sfes.ntpc.edu.tw/var/file/0/1000/pictures/599/m/mczh-tw700x700_large243_664187786559.jpg
465234573,https://www.sfes.ntpc.edu.tw/var/file/0/1000/pictures/599/m/mczh-tw700x700_large244_352437886653.jpg
165215641v2L,https://res.klook.com/images/fl_lossy.progressive,q_65/c_fill,w_1295,h_971/w_80,x_15,y_15,g_south_west,l_Klook_water_br_trans_yhcmh3/activities/liqpvtlfhk7wizlkwdyc/%E6%9D%B1%E4%BA%AC-%E6%B2%B3%E5%8F%A3%E6%B9%96%E6%8E%A5%E9%A7%81%E5%B7%B4%E5%A3%AB%EF%BC%88VIPLiner%E6%8F%90%E4%BE%9B%EF%BC%89.jpg
056412370317,https://encrypted-tbn0.gstatic.com/images?q=tbn:ANd9GcQyjRb_Pca8zAQj7S7Xy57U7HwXbnSOsfEb7PTJhal5Q7jq2x_lWUDK_MjG&s=10
b44b59d72010,https://twpowernews.com/Uploadfile/202510/e44b59d720105cb45da8c05326684927.jpg